[{"id":"user-image-Dt1ZxxDurLWhctVx6Gjpg","publicUrl":"np://user.desktop.nicepage.com/Site_1484607787/images/Dt1ZxxDurLWhctVx6Gjpg","size":196169,"hash":"DaqXAWUVqGehZxmAonrh4c4YpDU=","fileName":"Dt1ZxxDurLWhctVx6Gjpg","name":"Dt1ZxxDurLWhctVx6Gjpg","width":1435,"height":1000,"thumbnail":{"url":"np://user.desktop.nicepage.com/Site_1484607787/images/thumbnails/Dt1ZxxDurLWhctVx6Gjpg","width":250,"height":174},"folderId":null,"usages":["2458327227"]},{"id":"user-image-image18.png","publicUrl":"np://user.desktop.nicepage.com/Site_1484607787/images/image18.png","size":647,"hash":"s9hT0oBEQp5h/KkIj5fdQypcaOM=","fileName":"image18.png","name":"image18","width":48,"height":48,"thumbnail":{"url":"np://user.desktop.nicepage.com/Site_1484607787/images/thumbnails/image18.png","width":48,"height":48,"length":647,"type":"png"},"folderId":null,"usages":["2458327227"]},{"id":"user-image-image16.png","publicUrl":"np://user.desktop.nicepage.com/Site_1484607787/images/image16.png","size":2094,"hash":"F5PA9Q/VGX1GZbQraoXwf8LseDY=","fileName":"image16.png","name":"image16","width":48,"height":48,"thumbnail":{"url":"np://user.desktop.nicepage.com/Site_1484607787/images/thumbnails/image16.png","width":48,"height":48,"length":2094,"type":"png"},"folderId":null,"usages":["2458327227"]},{"id":"user-image-2458327227-01.jpeg","publicUrl":"np://user.desktop.nicepage.com/Site_1484607787/images/2458327227-01.jpeg","size":316073,"hash":"RmrW8OFBVvBw14LNmtKjd9VJ8dY=","fileName":"2458327227-01.jpeg","name":"2458327227-01","width":1024,"height":681,"thumbnail":{"url":"np://user.desktop.nicepage.com/Site_1484607787/images/thumbnails/2458327227-01.jpeg","width":250,"height":166},"folderId":null,"usages":["2458327227"]},{"id":"user-image-image15.png","publicUrl":"np://user.desktop.nicepage.com/Site_1484607787/images/image15.png","size":2430,"hash":"tvRhNxXtzywUlpvfjgdLeUWSfvs=","fileName":"image15.png","name":"image15","width":80,"height":80,"thumbnail":{"url":"np://user.desktop.nicepage.com/Site_1484607787/images/thumbnails/image15.png","width":80,"height":80,"length":2430,"type":"png"},"folderId":null,"usages":["2458327227"]},{"id":"user-image-image14.png","publicUrl":"np://user.desktop.nicepage.com/Site_1484607787/images/image14.png","size":1800,"hash":"Spx6YmqiMZlEP+JPEf3tkNJJKas=","fileName":"image14.png","name":"image14","width":80,"height":80,"thumbnail":{"url":"np://user.desktop.nicepage.com/Site_1484607787/images/thumbnails/image14.png","width":80,"height":80,"length":1800,"type":"png"},"folderId":null,"usages":["2458327227"]},{"id":"user-image-image12.png","publicUrl":"np://user.desktop.nicepage.com/Site_1484607787/images/image12.png","size":1890,"hash":"fR6r1ksK07WB7ap2rOLtVeT/NZw=","fileName":"image12.png","name":"image12","width":80,"height":80,"thumbnail":{"url":"np://user.desktop.nicepage.com/Site_1484607787/images/thumbnails/image12.png","width":80,"height":80,"length":1890,"type":"png"},"folderId":null,"usages":["2458327227"]},{"id":"user-image-image9.png","publicUrl":"np://user.desktop.nicepage.com/Site_1484607787/images/image9.png","size":2889,"hash":"u/gFTVbYfNEvw55jBydUS6Vcxm4=","fileName":"image9.png","name":"image9","width":80,"height":80,"thumbnail":{"url":"np://user.desktop.nicepage.com/Site_1484607787/images/thumbnails/image9.png","width":80,"height":80,"length":2889,"type":"png"},"folderId":null,"usages":["2458327227"]},{"id":"user-image-image6.png","publicUrl":"np://user.desktop.nicepage.com/Site_1484607787/images/image6.png","size":3059,"hash":"XXc9916BpKxZFYW408DZOQEP8Z4=","fileName":"image6.png","name":"image6","width":80,"height":80,"thumbnail":{"url":"np://user.desktop.nicepage.com/Site_1484607787/images/thumbnails/image6.png","width":80,"height":80,"length":3059,"type":"png"},"folderId":null,"usages":["2458327227"]},{"id":"user-image-image5.png","publicUrl":"np://user.desktop.nicepage.com/Site_1484607787/images/image5.png","size":2891,"hash":"T4HIfMRNW6HLCvxST4kqBJWalb8=","fileName":"image5.png","name":"image5","width":80,"height":80,"thumbnail":{"url":"np://user.desktop.nicepage.com/Site_1484607787/images/thumbnails/image5.png","width":80,"height":80,"length":2891,"type":"png"},"folderId":null,"usages":["2458327227"]},{"id":"user-image-IMAGENSPARAOSITE.jpg","publicUrl":"np://user.desktop.nicepage.com/Site_1484607787/images/IMAGENSPARAOSITE.jpg","size":2272084,"hash":"IIXkmcuJqCk3uqWa8sTVUGoeW2A=","fileName":"IMAGENSPARAOSITE.jpg","name":"IMAGENSPARAOSITE","width":5000,"height":3220,"thumbnail":{"url":"np://user.desktop.nicepage.com/Site_1484607787/images/thumbnails/IMAGENSPARAOSITE.jpg","width":250,"height":161},"folderId":null,"usages":["2458327227"]}]