[{"id":16846829,"status":2,"title":"Blog Template","order":1,"templateKey":"blog","customTemplate":false,"customTemplateFilename":null,"pageLinks":[],"dateCreated":"2023-08-18T03:19:09.707Z","dateUpdated":"2023-08-18T03:19:13.131Z","folderId":null,"pageName":"Blog Template"},{"id":1972805638,"status":2,"title":"Post Template","order":2,"templateKey":"post","customTemplate":false,"customTemplateFilename":null,"pageLinks":[],"dateCreated":"2023-08-18T03:19:10.099Z","dateUpdated":"2023-08-18T03:19:13.313Z","folderId":null,"pageName":"Post Template"},{"id":241257077,"status":2,"title":"Product List Template","order":3,"templateKey":"products","customTemplate":false,"customTemplateFilename":null,"pageLinks":[],"dateCreated":"2023-08-18T03:19:10.455Z","dateUpdated":"2023-08-18T03:19:13.344Z","folderId":null,"pageName":"Product List Template"},{"id":87693727,"status":2,"title":"Product Details Template","order":4,"templateKey":"product","customTemplate":false,"customTemplateFilename":null,"pageLinks":[],"dateCreated":"2023-08-18T03:19:10.826Z","dateUpdated":"2023-08-18T03:19:13.391Z","folderId":null,"pageName":"Product Details Template"},{"id":224593344,"status":2,"title":"Shopping Cart Template","order":5,"templateKey":"cart","customTemplate":false,"customTemplateFilename":null,"pageLinks":[],"dateCreated":"2023-08-18T03:19:11.121Z","dateUpdated":"2023-08-18T03:19:13.422Z","folderId":null,"pageName":"Shopping Cart Template"},{"id":73396617,"status":2,"title":"Checkout Template","order":6,"templateKey":"checkout","customTemplate":false,"customTemplateFilename":null,"pageLinks":[],"dateCreated":"2023-08-18T03:19:11.515Z","dateUpdated":"2023-08-18T03:19:13.516Z","folderId":null,"pageName":"Checkout Template"},{"id":182690326,"status":2,"title":"Login Template","order":7,"templateKey":"login","customTemplate":false,"customTemplateFilename":null,"pageLinks":[],"dateCreated":"2023-08-18T03:19:11.731Z","dateUpdated":"2023-08-18T03:19:13.578Z","folderId":null,"pageName":"Login Template"},{"id":33208982,"status":2,"title":"Page Password Template","order":8,"templateKey":"password","customTemplate":false,"customTemplateFilename":null,"pageLinks":[],"dateCreated":"2023-08-18T03:19:11.898Z","dateUpdated":"2023-08-18T03:19:13.609Z","folderId":null,"pageName":"Page Password Template"},{"id":897315976,"status":2,"title":"404 Not Found Template","order":9,"templateKey":"404","customTemplate":false,"customTemplateFilename":null,"pageLinks":[],"dateCreated":"2023-08-18T03:19:12.104Z","dateUpdated":"2023-08-18T03:19:13.688Z","folderId":null,"pageName":"404 Not Found Template"},{"id":2458327227,"status":2,"title":"pagina inicial","order":103,"templateKey":null,"customTemplate":false,"customTemplateFilename":null,"pageLinks":[],"dateCreated":"2023-08-18T03:25:50.794Z","dateUpdated":"2023-08-19T00:20:04.084Z","folderId":null,"pageName":"pagina inicial_2458327227"}]